team,Label,student,sprint
t01,good teammember,t01_s04,Sprint 1
t01,good teammate,t01_s03,Sprint 1
t01,good teammate,t01_s02,Sprint 1
t01,good teammate,t01_s05,Sprint 1
t01,good teammember,t01_s02,Sprint 1
t01,good teammate,t01_s03,Sprint 1
t01,couch potato,t01_s04,Sprint 1
t01,couch potato,t01_s05,Sprint 1
t01,gamer,t01_s05,Sprint 1
t01,good teammate,t01_s04,Sprint 1
t01,good teammate,t01_s03,Sprint 1
t01,good teammate,t01_s02,Sprint 1
t01,good teammember,t01_s03,Sprint 1
t01,good teammate,t01_s02,Sprint 1
t01,good teammate,t01_s05,Sprint 1
t01,hitchhiker,t01_s04,Sprint 1
t02,good teammember,t02_s06,Sprint 1
t02,good teammate,t02_s01,Sprint 1
t02,good teammate,t02_s03,Sprint 1
t02,couch potato,t02_s04,Sprint 1
t02,good teammate,t02_s02,Sprint 1
t02,good teammate,t02_s05,Sprint 1
t02,good teammember,t02_s01,Sprint 1
t02,good teammate,t02_s06,Sprint 1
t02,good teammate,t02_s04,Sprint 1
t02,couch potato,t02_s05,Sprint 1
t02,good teammate,t02_s03,Sprint 1
t02,good teammate,t02_s02,Sprint 1
t02,good teammember,t02_s05,Sprint 1
t02,good teammate,t02_s03,Sprint 1
t02,good teammate,t02_s01,Sprint 1
t02,good teammate,t02_s06,Sprint 1
t02,good teammate,t02_s02,Sprint 1
t02,good teammate,t02_s04,Sprint 1
t02,good teammember,t02_s02,Sprint 1
t02,good teammate,t02_s06,Sprint 1
t02,good teammate,t02_s03,Sprint 1
t02,good teammate,t02_s01,Sprint 1
t02,good teammate,t02_s04,Sprint 1
t02,couch potato,t02_s06,Sprint 1
t02,good teammember,t02_s04,Sprint 1
t02,good teammate,t02_s02,Sprint 1
t02,good teammate,t02_s03,Sprint 1
t02,good teammate,t02_s01,Sprint 1
t02,good teammate,t02_s06,Sprint 1
t02,good teammate,t02_s05,Sprint 1
t02,good teammember,t02_s03,Sprint 1
t02,good teammate,t02_s04,Sprint 1
t02,good teammate,t02_s02,Sprint 1
t02,good teammate,t02_s01,Sprint 1
t02,good teammate,t02_s06,Sprint 1
t02,good teammate,t02_s05,Sprint 1
t02,good teammember,t02_s01,Sprint 1
t02,good teammate,t02_s06,Sprint 1
t02,good teammate,t02_s04,Sprint 1
t02,good teammate,t02_s05,Sprint 1
t02,good teammate,t02_s03,Sprint 1
t02,couch potato,t02_s02,Sprint 1
t03,good teammember,t03_s05,Sprint 1
t03,good teammate,t03_s02,Sprint 1
t03,good teammate,t03_s03,Sprint 1
t03,good teammate,t03_s04,Sprint 1
t03,good teammate,t03_s01,Sprint 1
t03,good teammember,t03_s03,Sprint 1
t03,good teammate,t03_s01,Sprint 1
t03,good teammate,t03_s05,Sprint 1
t03,good teammate,t03_s04,Sprint 1
t03,good teammate,t03_s02,Sprint 1
t03,good teammember,t03_s02,Sprint 1
t03,good teammate,t03_s03,Sprint 1
t03,good teammate,t03_s04,Sprint 1
t03,good teammate,t03_s05,Sprint 1
t03,good teammate,t03_s01,Sprint 1
t03,good teammember,t03_s01,Sprint 1
t03,good teammate,t03_s04,Sprint 1
t03,good teammate,t03_s05,Sprint 1
t03,good teammate,t03_s03,Sprint 1
t03,good teammate,t03_s02,Sprint 1
t03,good teammember,t03_s04,Sprint 1
t03,good teammate,t03_s05,Sprint 1
t03,good teammate,t03_s01,Sprint 1
t03,good teammate,t03_s03,Sprint 1
t03,good teammate,t03_s02,Sprint 1
t04,good teammember,t04_s04,Sprint 1
t04,good teammate,t04_s03,Sprint 1
t04,lone wolf,t04_s05,Sprint 1
t04,good teammate,t04_s01,Sprint 1
t04,couch potato,t04_s02,Sprint 1
t04,gamer,t04_s05,Sprint 1
t04,lone wolf,t04_s01,Sprint 1
t04,good teammate,t04_s04,Sprint 1
t04,good teammate,t04_s03,Sprint 1
t04,good teammate,t04_s02,Sprint 1
t04,good teammember,t04_s03,Sprint 1
t04,good teammate,t04_s04,Sprint 1
t04,lone wolf,t04_s01,Sprint 1
t04,good teammate,t04_s02,Sprint 1
t04,hitchhiker,t04_s05,Sprint 1
t04,lone wolf,t04_s02,Sprint 1
t04,good teammate,t04_s03,Sprint 1
t04,good teammate,t04_s01,Sprint 1
t04,good teammate,t04_s05,Sprint 1
t04,good teammate,t04_s04,Sprint 1
t04,good teammember,t04_s01,Sprint 1
t04,couch potato,t04_s04,Sprint 1
t04,couch potato,t04_s05,Sprint 1
t04,good teammate,t04_s02,Sprint 1
t04,lone wolf,t04_s03,Sprint 1
t05,good teammember,t05_s03,Sprint 1
t05,good teammate,t05_s04,Sprint 1
t05,good teammate,t05_s05,Sprint 1
t05,good teammate,t05_s01,Sprint 1
t05,couch potato,t05_s02,Sprint 1
t05,good teammember,t05_s04,Sprint 1
t05,good teammate,t05_s05,Sprint 1
t05,couch potato,t05_s03,Sprint 1
t05,couch potato,t05_s02,Sprint 1
t05,couch potato,t05_s01,Sprint 1
t05,good teammember,t05_s02,Sprint 1
t05,good teammate,t05_s01,Sprint 1
t05,good teammate,t05_s03,Sprint 1
t05,good teammate,t05_s05,Sprint 1
t05,good teammate,t05_s04,Sprint 1
t05,good teammember,t05_s04,Sprint 1
t05,good teammate,t05_s05,Sprint 1
t05,couch potato,t05_s03,Sprint 1
t05,couch potato,t05_s02,Sprint 1
t05,couch potato,t05_s01,Sprint 1
t05,good teammember,t05_s01,Sprint 1
t05,good teammate,t05_s02,Sprint 1
t05,good teammate,t05_s03,Sprint 1
t05,good teammate,t05_s05,Sprint 1
t05,good teammate,t05_s04,Sprint 1
t05,good teammember,t05_s05,Sprint 1
t05,good teammate,t05_s04,Sprint 1
t05,good teammate,t05_s03,Sprint 1
t05,gamer,t05_s01,Sprint 1
t05,gamer,t05_s02,Sprint 1
t06,couch potato,t06_s02,Sprint 1
t06,good teammate,t06_s04,Sprint 1
t06,good teammate,t06_s05,Sprint 1
t06,good teammate,t06_s01,Sprint 1
t06,good teammate,t06_s03,Sprint 1
t06,good teammember,t06_s03,Sprint 1
t06,good teammate,t06_s04,Sprint 1
t06,good teammate,t06_s01,Sprint 1
t06,good teammate,t06_s05,Sprint 1
t06,couch potato,t06_s02,Sprint 1
t06,good teammember,t06_s04,Sprint 1
t06,good teammate,t06_s01,Sprint 1
t06,good teammate,t06_s03,Sprint 1
t06,couch potato,t06_s02,Sprint 1
t06,hitchhiker,t06_s05,Sprint 1
t06,good teammember,t06_s05,Sprint 1
t06,good teammate,t06_s03,Sprint 1
t06,good teammate,t06_s04,Sprint 1
t06,good teammate,t06_s01,Sprint 1
t06,couch potato,t06_s02,Sprint 1
t06,good teammember,t06_s01,Sprint 1
t06,good teammate,t06_s04,Sprint 1
t06,good teammate,t06_s03,Sprint 1
t06,hitchhiker,t06_s02,Sprint 1
t06,good teammate,t06_s05,Sprint 1
t07,good teammember,t07_s04,Sprint 1
t07,good teammate,t07_s02,Sprint 1
t07,good teammate,t07_s01,Sprint 1
t07,good teammate,t07_s03,Sprint 1
t07,good teammate,t07_s05,Sprint 1
t07,good teammember,t07_s01,Sprint 1
t07,couch potato,t07_s02,Sprint 1
t07,good teammate,t07_s05,Sprint 1
t07,good teammate,t07_s03,Sprint 1
t07,couch potato,t07_s04,Sprint 1
t07,good teammember,t07_s03,Sprint 1
t07,good teammate,t07_s01,Sprint 1
t07,hitchhiker,t07_s02,Sprint 1
t07,lone wolf,t07_s05,Sprint 1
t07,hitchhiker,t07_s04,Sprint 1
t07,good teammember,t07_s05,Sprint 1
t07,good teammate,t07_s01,Sprint 1
t07,good teammate,t07_s03,Sprint 1
t07,good teammate,t07_s04,Sprint 1
t07,good teammate,t07_s02,Sprint 1
t07,good teammember,t07_s02,Sprint 1
t07,good teammate,t07_s01,Sprint 1
t07,good teammate,t07_s04,Sprint 1
t07,good teammate,t07_s03,Sprint 1
t07,good teammate,t07_s05,Sprint 1
t08,good teammember,t08_s06,Sprint 1
t08,good teammate,t08_s04,Sprint 1
t08,lone wolf,t08_s01,Sprint 1
t08,lone wolf,t08_s03,Sprint 1
t08,good teammate,t08_s02,Sprint 1
t08,good teammember,t08_s03,Sprint 1
t08,good teammate,t08_s02,Sprint 1
t08,good teammate,t08_s01,Sprint 1
t08,hitchhiker,t08_s06,Sprint 1
t08,couch potato,t08_s04,Sprint 1
t08,good teammate,t08_s04,Sprint 1
t08,good teammate,t08_s03,Sprint 1
t08,good teammate,t08_s02,Sprint 1
t08,good teammate,t08_s06,Sprint 1
t08,good teammate,t08_s01,Sprint 1
t08,good teammember,t08_s01,Sprint 1
t08,good teammate,t08_s02,Sprint 1
t08,good teammate,t08_s03,Sprint 1
t08,couch potato,t08_s04,Sprint 1
t08,couch potato,t08_s06,Sprint 1
t08,good teammember,t08_s02,Sprint 1
t08,good teammate,t08_s01,Sprint 1
t08,good teammate,t08_s03,Sprint 1
t08,hitchhiker,t08_s04,Sprint 1
t08,na,t08_s06,Sprint 1
t09,good teammember,t09_s06,Sprint 1
t09,good teammate,t09_s04,Sprint 1
t09,good teammate,t09_s01,Sprint 1
t09,couch potato,t09_s02,Sprint 1
t09,good teammate,t09_s03,Sprint 1
t09,hitchhiker,t09_s07,Sprint 1
t09,good teammember,t09_s03,Sprint 1
t09,good teammate,t09_s06,Sprint 1
t09,good teammate,t09_s04,Sprint 1
t09,good teammate,t09_s01,Sprint 1
t09,good teammate,t09_s02,Sprint 1
t09,good teammate,t09_s07,Sprint 1
t09,gamer,t09_s07,Sprint 1
t09,good teammate,t09_s04,Sprint 1
t09,hitchhiker,t09_s02,Sprint 1
t09,good teammate,t09_s01,Sprint 1
t09,good teammate,t09_s06,Sprint 1
t09,good teammember,t09_s02,Sprint 1
t09,good teammate,t09_s01,Sprint 1
t09,good teammate,t09_s04,Sprint 1
t09,good teammate,t09_s06,Sprint 1
t09,good teammate,t09_s03,Sprint 1
t09,good teammate,t09_s07,Sprint 1
t09,good teammember,t09_s04,Sprint 1
t09,good teammate,t09_s01,Sprint 1
t09,hitchhiker,t09_s07,Sprint 1
t09,hitchhiker,t09_s02,Sprint 1
t09,good teammate,t09_s06,Sprint 1
t09,good teammate,t09_s03,Sprint 1
t09,good teammember,t09_s01,Sprint 1
t09,good teammate,t09_s04,Sprint 1
t09,couch potato,t09_s07,Sprint 1
t09,couch potato,t09_s02,Sprint 1
t09,good teammate,t09_s06,Sprint 1
t09,good teammate,t09_s03,Sprint 1
t10,good teammember,t10_s04,Sprint 1
t10,good teammate,t10_s01,Sprint 1
t10,good teammate,t10_s02,Sprint 1
t10,good teammate,t10_s03,Sprint 1
t10,good teammember,t10_s04,Sprint 1
t10,good teammate,t10_s01,Sprint 1
t10,good teammate,t10_s02,Sprint 1
t10,good teammate,t10_s03,Sprint 1
t10,good teammember,t10_s02,Sprint 1
t10,couch potato,t10_s05,Sprint 1
t10,good teammate,t10_s04,Sprint 1
t10,good teammate,t10_s01,Sprint 1
t10,hitchhiker,t10_s03,Sprint 1
t10,good teammember,t10_s01,Sprint 1
t10,good teammate,t10_s02,Sprint 1
t10,good teammate,t10_s04,Sprint 1
t10,good teammate,t10_s03,Sprint 1
t10,good teammember,t10_s03,Sprint 1
t10,good teammate,t10_s01,Sprint 1
t10,good teammate,t10_s02,Sprint 1
t10,good teammate,t10_s04,Sprint 1
t11,good teammember,t11_s02,Sprint 1
t11,good teammate,t11_s01,Sprint 1
t11,good teammate,t11_s04,Sprint 1
t11,good teammate,t11_s03,Sprint 1
t11,good teammember,t11_s02,Sprint 1
t11,good teammate,t11_s01,Sprint 1
t11,good teammate,t11_s04,Sprint 1
t11,good teammate,t11_s03,Sprint 1
t11,good teammember,t11_s03,Sprint 1
t11,good teammate,t11_s04,Sprint 1
t11,good teammate,t11_s02,Sprint 1
t11,good teammate,t11_s01,Sprint 1
t11,hitchhiker,WITHDRAWN,Sprint 1
t11,good teammember,t11_s01,Sprint 1
t11,good teammate,t11_s04,Sprint 1
t11,good teammate,t11_s02,Sprint 1
t11,good teammate,t11_s03,Sprint 1
t11,hitchhiker,WITHDRAWN,Sprint 1
t11,good teammember,t11_s04,Sprint 1
t11,good teammate,t11_s02,Sprint 1
t11,good teammate,t11_s03,Sprint 1
t11,good teammate,t11_s01,Sprint 1
t12,good teammember,t12_s01,Sprint 1
t12,good teammate,t12_s03,Sprint 1
t12,good teammate,t12_s04,Sprint 1
t12,good teammate,t12_s05,Sprint 1
t12,good teammate,t12_s02,Sprint 1
t12,good teammate,t12_s04,Sprint 1
t12,good teammate,t12_s03,Sprint 1
t12,good teammate,t12_s01,Sprint 1
t12,good teammate,t12_s05,Sprint 1
t12,couch potato,t12_s02,Sprint 1
t12,good teammember,t12_s05,Sprint 1
t12,good teammate,t12_s03,Sprint 1
t12,good teammate,t12_s02,Sprint 1
t12,good teammate,t12_s01,Sprint 1
t12,good teammate,t12_s04,Sprint 1
t12,good teammember,t12_s02,Sprint 1
t12,good teammate,t12_s01,Sprint 1
t12,good teammate,t12_s03,Sprint 1
t12,good teammate,t12_s05,Sprint 1
t12,good teammate,t12_s04,Sprint 1
t12,good teammember,t12_s03,Sprint 1
t12,good teammate,t12_s04,Sprint 1
t12,good teammate,t12_s02,Sprint 1
t12,good teammate,t12_s01,Sprint 1
t12,good teammate,t12_s05,Sprint 1
t13,good teammember,t13_s05,Sprint 1
t13,good teammate,t13_s01,Sprint 1
t13,couch potato,t13_s02,Sprint 1
t13,good teammate,t13_s04,Sprint 1
t13,good teammate,t13_s03,Sprint 1
t13,good teammember,t13_s04,Sprint 1
t13,good teammate,t13_s01,Sprint 1
t13,good teammate,t13_s05,Sprint 1
t13,good teammate,t13_s03,Sprint 1
t13,good teammate,t13_s02,Sprint 1
t13,good teammember,t13_s03,Sprint 1
t13,good teammate,t13_s01,Sprint 1
t13,good teammate,t13_s04,Sprint 1
t13,lone wolf,t13_s02,Sprint 1
t13,good teammate,t13_s05,Sprint 1
t13,good teammember,t13_s03,Sprint 1
t13,good teammate,t13_s01,Sprint 1
t13,good teammate,t13_s04,Sprint 1
t13,lone wolf,t13_s02,Sprint 1
t13,good teammate,t13_s05,Sprint 1
t13,good teammember,t13_s02,Sprint 1
t13,good teammate,t13_s01,Sprint 1
t13,good teammate,t13_s03,Sprint 1
t13,good teammate,t13_s04,Sprint 1
t13,good teammate,t13_s05,Sprint 1
t13,good teammember,t13_s01,Sprint 1
t13,good teammate,t13_s04,Sprint 1
t13,good teammate,t13_s03,Sprint 1
t13,good teammate,t13_s05,Sprint 1
t13,hitchhiker,t13_s02,Sprint 1
t14,good teammember,t14_s03,Sprint 1
t14,good teammate,t14_s01,Sprint 1
t14,good teammate,t14_s02,Sprint 1
t14,good teammate,t14_s04,Sprint 1
t14,hitchhiker,t14_s05,Sprint 1
t14,good teammember,t14_s05,Sprint 1
t14,good teammate,t14_s01,Sprint 1
t14,good teammate,t14_s04,Sprint 1
t14,good teammate,t14_s02,Sprint 1
t14,good teammate,t14_s03,Sprint 1
t14,good teammember,t14_s02,Sprint 1
t14,good teammate,t14_s01,Sprint 1
t14,good teammate,t14_s04,Sprint 1
t14,good teammate,t14_s05,Sprint 1
t14,good teammate,t14_s03,Sprint 1
t14,good teammember,t14_s01,Sprint 1
t14,good teammate,t14_s02,Sprint 1
t14,good teammate,t14_s04,Sprint 1
t14,gamer,t14_s05,Sprint 1
t14,good teammate,t14_s03,Sprint 1
t14,good teammember,t14_s04,Sprint 1
t14,good teammate,t14_s02,Sprint 1
t14,good teammate,t14_s01,Sprint 1
t14,good teammate,t14_s05,Sprint 1
t14,good teammate,t14_s03,Sprint 1
t15,good teammember,t15_s01,Sprint 1
t15,good teammate,t15_s02,Sprint 1
t15,good teammate,t15_s04,Sprint 1
t15,good teammate,t15_s03,Sprint 1
t15,good teammate,t15_s05,Sprint 1
t15,good teammember,t15_s05,Sprint 1
t15,good teammate,t15_s03,Sprint 1
t15,good teammate,t15_s02,Sprint 1
t15,good teammate,t15_s01,Sprint 1
t15,good teammate,t15_s04,Sprint 1
t15,good teammember,t15_s04,Sprint 1
t15,lone wolf,t15_s03,Sprint 1
t15,good teammate,t15_s01,Sprint 1
t15,good teammate,t15_s02,Sprint 1
t15,lone wolf,t15_s05,Sprint 1
t15,good teammember,t15_s03,Sprint 1
t15,good teammate,t15_s01,Sprint 1
t15,good teammate,t15_s02,Sprint 1
t15,good teammate,t15_s05,Sprint 1
t15,good teammate,t15_s04,Sprint 1
t15,good teammember,t15_s02,Sprint 1
t15,good teammate,t15_s01,Sprint 1
t15,good teammate,t15_s03,Sprint 1
t15,good teammate,t15_s04,Sprint 1
t15,hitchhiker,t15_s05,Sprint 1
t16,good teammember,t16_s02,Sprint 1
t16,good teammate,t16_s05,Sprint 1
t16,good teammate,t16_s03,Sprint 1
t16,good teammate,t16_s01,Sprint 1
t16,hitchhiker,t16_s04,Sprint 1
t16,good teammember,t16_s01,Sprint 1
t16,good teammate,t16_s02,Sprint 1
t16,good teammate,t16_s05,Sprint 1
t16,good teammate,t16_s03,Sprint 1
t16,hitchhiker,t16_s04,Sprint 1
t16,good teammember,t16_s05,Sprint 1
t16,good teammate,t16_s02,Sprint 1
t16,good teammate,t16_s03,Sprint 1
t16,good teammate,t16_s01,Sprint 1
t16,hitchhiker,t16_s04,Sprint 1
t16,lone wolf,t16_s04,Sprint 1
t16,good teammate,t16_s03,Sprint 1
t16,good teammate,t16_s05,Sprint 1
t16,good teammate,t16_s02,Sprint 1
t16,good teammate,t16_s01,Sprint 1
t16,good teammate,t16_s03,Sprint 1
t16,good teammate,t16_s02,Sprint 1
t16,good teammate,t16_s05,Sprint 1
t16,good teammate,t16_s01,Sprint 1
t16,couch potato,t16_s04,Sprint 1
t17,good teammember,t17_s03,Sprint 1
t17,good teammate,t17_s04,Sprint 1
t17,good teammate,t17_s01,Sprint 1
t17,good teammate,t17_s05,Sprint 1
t17,good teammate,t17_s02,Sprint 1
t17,good teammember,t17_s05,Sprint 1
t17,good teammate,t17_s01,Sprint 1
t17,good teammate,t17_s04,Sprint 1
t17,good teammate,t17_s02,Sprint 1
t17,hitchhiker,t17_s03,Sprint 1
t17,good teammember,t17_s02,Sprint 1
t17,good teammate,t17_s05,Sprint 1
t17,good teammate,t17_s01,Sprint 1
t17,good teammate,t17_s04,Sprint 1
t17,couch potato,t17_s03,Sprint 1
t17,good teammember,t17_s04,Sprint 1
t17,good teammate,t17_s03,Sprint 1
t17,lone wolf,t17_s01,Sprint 1
t17,good teammate,t17_s02,Sprint 1
t17,good teammate,t17_s05,Sprint 1
t17,good teammember,t17_s01,Sprint 1
t17,good teammate,t17_s02,Sprint 1
t17,good teammate,t17_s04,Sprint 1
t17,good teammate,t17_s03,Sprint 1
t17,good teammate,t17_s05,Sprint 1
t18,good teammember,t18_s02,Sprint 1
t18,good teammate,t18_s01,Sprint 1
t18,good teammate,t18_s03,Sprint 1
t18,couch potato,t18_s06,Sprint 1
t18,couch potato,t18_s05,Sprint 1
t18,good teammember,t18_s06,Sprint 1
t18,good teammate,t18_s02,Sprint 1
t18,good teammate,t18_s03,Sprint 1
t18,good teammate,t18_s05,Sprint 1
t18,good teammate,t18_s01,Sprint 1
t18,good teammember,t18_s03,Sprint 1
t18,good teammate,t18_s02,Sprint 1
t18,good teammate,t18_s01,Sprint 1
t18,good teammate,t18_s05,Sprint 1
t18,good teammate,t18_s06,Sprint 1
t18,good teammember,t18_s01,Sprint 1
t18,good teammate,t18_s03,Sprint 1
t18,good teammate,t18_s02,Sprint 1
t18,good teammate,t18_s06,Sprint 1
t18,good teammate,t18_s05,Sprint 1
t18,good teammember,t18_s05,Sprint 1
t18,good teammate,t18_s02,Sprint 1
t18,good teammate,t18_s01,Sprint 1
t18,good teammate,t18_s03,Sprint 1
t18,good teammate,t18_s06,Sprint 1
t19,na,t19_s03,Sprint 1
t19,good teammate,t19_s05,Sprint 1
t19,good teammate,t19_s01,Sprint 1
t19,good teammate,t19_s04,Sprint 1
t19,good teammate,t19_s06,Sprint 1
t19,good teammember,t19_s05,Sprint 1
t19,good teammate,t19_s01,Sprint 1
t19,good teammate,t19_s04,Sprint 1
t19,good teammate,t19_s06,Sprint 1
t19,hitchhiker,t19_s03,Sprint 1
t19,good teammember,t19_s01,Sprint 1
t19,good teammate,t19_s04,Sprint 1
t19,good teammate,t19_s06,Sprint 1
t19,good teammate,t19_s05,Sprint 1
t19,hitchhiker,t19_s03,Sprint 1
t19,good teammember,t19_s04,Sprint 1
t19,good teammate,t19_s01,Sprint 1
t19,good teammate,t19_s06,Sprint 1
t19,good teammate,t19_s05,Sprint 1
t19,couch potato,t19_s03,Sprint 1
t19,good teammember,t19_s06,Sprint 1
t19,good teammate,t19_s05,Sprint 1
t19,good teammate,t19_s01,Sprint 1
t19,good teammate,t19_s04,Sprint 1
t19,couch potato,t19_s03,Sprint 1
t20,good teammate,t20_s06,Sprint 1
t20,good teammate,t20_s04,Sprint 1
t20,good teammate,t20_s03,Sprint 1
t20,good teammate,t20_s05,Sprint 1
t20,good teammate,t20_s02,Sprint 1
t20,couch potato,t20_s01,Sprint 1
t20,good teammember,t20_s04,Sprint 1
t20,good teammate,t20_s06,Sprint 1
t20,good teammate,t20_s02,Sprint 1
t20,good teammate,t20_s01,Sprint 1
t20,good teammate,t20_s03,Sprint 1
t20,good teammate,t20_s05,Sprint 1
t20,good teammember,t20_s03,Sprint 1
t20,good teammate,t20_s04,Sprint 1
t20,good teammate,t20_s05,Sprint 1
t20,good teammate,t20_s02,Sprint 1
t20,good teammate,t20_s06,Sprint 1
t20,good teammate,t20_s01,Sprint 1
t20,good teammember,t20_s05,Sprint 1
t20,good teammate,t20_s04,Sprint 1
t20,good teammate,t20_s02,Sprint 1
t20,good teammate,t20_s01,Sprint 1
t20,good teammate,t20_s06,Sprint 1
t20,good teammate,t20_s03,Sprint 1
t20,good teammember,t20_s01,Sprint 1
t20,good teammate,t20_s03,Sprint 1
t20,good teammate,t20_s02,Sprint 1
t20,good teammate,t20_s04,Sprint 1
t20,good teammate,t20_s06,Sprint 1
t20,good teammate,t20_s05,Sprint 1
t20,good teammember,t20_s02,Sprint 1
t20,good teammate,t20_s04,Sprint 1
t20,good teammate,t20_s05,Sprint 1
t20,good teammate,t20_s01,Sprint 1
t20,good teammate,t20_s03,Sprint 1
t20,good teammate,t20_s06,Sprint 1
t21,good teammember,t21_s01,Sprint 1
t21,good teammate,t21_s02,Sprint 1
t21,good teammate,t21_s03,Sprint 1
t21,good teammate,t21_s05,Sprint 1
t21,good teammate,t21_s04,Sprint 1
t21,good teammember,t21_s04,Sprint 1
t21,good teammate,t21_s03,Sprint 1
t21,good teammate,t21_s05,Sprint 1
t21,good teammate,t21_s02,Sprint 1
t21,good teammate,t21_s01,Sprint 1
t21,good teammember,t21_s04,Sprint 1
t21,good teammate,t21_s02,Sprint 1
t21,good teammate,t21_s05,Sprint 1
t21,good teammate,t21_s03,Sprint 1
t21,good teammate,t21_s01,Sprint 1
t21,good teammember,t21_s05,Sprint 1
t21,good teammate,t21_s03,Sprint 1
t21,good teammate,t21_s02,Sprint 1
t21,good teammate,t21_s01,Sprint 1
t21,good teammate,t21_s04,Sprint 1
t21,good teammember,t21_s03,Sprint 1
t21,good teammate,t21_s05,Sprint 1
t21,good teammate,t21_s02,Sprint 1
t21,good teammate,t21_s01,Sprint 1
t21,good teammate,t21_s04,Sprint 1
t21,good teammember,t21_s02,Sprint 1
t21,good teammate,t21_s04,Sprint 1
t21,good teammate,t21_s05,Sprint 1
t21,good teammate,t21_s03,Sprint 1
t21,good teammate,t21_s01,Sprint 1
t22,good teammember,t22_s04,Sprint 1
t22,good teammate,t22_s03,Sprint 1
t22,good teammate,t22_s02,Sprint 1
t22,good teammate,t22_s01,Sprint 1
t22,good teammate,t22_05,Sprint 1
t22,good teammember,t22_s04,Sprint 1
t22,good teammate,t22_s03,Sprint 1
t22,good teammate,t22_s01,Sprint 1
t22,good teammate,t22_s02,Sprint 1
t22,good teammate,t22_05,Sprint 1
t22,good teammember,t22_s02,Sprint 1
t22,lone wolf,t22_s04,Sprint 1
t22,good teammate,t22_s03,Sprint 1
t22,good teammate,t22_05,Sprint 1
t22,lone wolf,t22_s01,Sprint 1
t22,good teammember,t22_s03,Sprint 1
t22,good teammate,t22_s04,Sprint 1
t22,good teammate,t22_s02,Sprint 1
t22,good teammate,t22_s01,Sprint 1
t22,good teammate,t22_05,Sprint 1
t22,good teammember,t22_s01,Sprint 1
t22,good teammate,t22_05,Sprint 1
t22,good teammate,t22_s03,Sprint 1
t22,good teammate,t22_s04,Sprint 1
t22,good teammate,t22_s02,Sprint 1
t22,good teammember,t22_05,Sprint 1
t22,good teammate,t22_s02,Sprint 1
t22,good teammate,t22_s01,Sprint 1
t22,lone wolf,t22_s03,Sprint 1
t22,good teammate,t22_s04,Sprint 1
t23,good teammember,t23_s05,Sprint 1
t23,good teammate,t23_s04,Sprint 1
t23,good teammate,t23_s01,Sprint 1
t23,good teammate,t23_s02,Sprint 1
t23,hitchhiker,t23_s06,Sprint 1
t23,couch potato,t23_s03,Sprint 1
t23,good teammember,t23_s04,Sprint 1
t23,good teammate,t23_s05,Sprint 1
t23,good teammate,t23_s01,Sprint 1
t23,good teammate,t23_s02,Sprint 1
t23,couch potato,t23_s03,Sprint 1
t23,couch potato,t23_s06,Sprint 1
t23,good teammember,t23_s02,Sprint 1
t23,good teammate,t23_s04,Sprint 1
t23,good teammate,t23_s05,Sprint 1
t23,good teammate,t23_s01,Sprint 1
t23,couch potato,t23_s06,Sprint 1
t23,couch potato,t23_s03,Sprint 1
t23,good teammember,t23_s01,Sprint 1
t23,good teammate,t23_s04,Sprint 1
t23,good teammate,t23_s05,Sprint 1
t23,good teammate,t23_s02,Sprint 1
t23,hitchhiker,t23_s06,Sprint 1
t23,couch potato,t23_s03,Sprint 1
t23,good teammember,t23_s03,Sprint 1
t23,good teammate,t23_s04,Sprint 1
t23,good teammate,t23_s05,Sprint 1
t23,good teammate,t23_s01,Sprint 1
t23,good teammate,t23_s02,Sprint 1
t23,good teammate,t23_s06,Sprint 1
t24,good teammember,t24_s01,Sprint 1
t24,good teammate,t24_s03,Sprint 1
t24,good teammate,t24_s02,Sprint 1
t24,good teammate,t24_s05,Sprint 1
t24,good teammember,t24_s02,Sprint 1
t24,good teammate,t24_s03,Sprint 1
t24,good teammate,t24_s01,Sprint 1
t24,good teammate,t24_s05,Sprint 1
t24,hitchhiker,t24_s06,Sprint 1
t24,good teammember,t24_s03,Sprint 1
t24,good teammate,t24_s05,Sprint 1
t24,good teammate,t24_s02,Sprint 1
t24,good teammate,t24_s01,Sprint 1
t23,good teammember,t23_s06,Sprint 1
t23,good teammate,t23_s04,Sprint 1
t23,good teammate,t23_s01,Sprint 1
t23,good teammate,t23_s03,Sprint 1
t23,good teammate,t23_s05,Sprint 1
t23,good teammate,t23_s02,Sprint 1
t24,good teammember,t24_s05,Sprint 1
t24,good teammate,t24_s03,Sprint 1
t24,good teammate,t24_s02,Sprint 1
t24,good teammate,t24_s01,Sprint 1
t24,good teammember,t24_s02,Sprint 2
t24,good teammate,t24_s01,Sprint 2
t24,good teammate,t24_s03,Sprint 2
t24,hitchhiker,t24_s05,Sprint 2
t24,hitchhiker,t24_s04,Sprint 2
t08,good teammember,t08_s04,Sprint 2
t08,good teammate,t08_s03,Sprint 2
t08,good teammate,t08_s02,Sprint 2
t08,good teammate,t08_s01,Sprint 2
t23,couch potato,t23_s03,Sprint 2
t23,good teammate,t23_s04,Sprint 2
t23,good teammate,t23_s05,Sprint 2
t23,good teammate,t23_s02,Sprint 2
t23,good teammate,t23_s01,Sprint 2
t02,good teammember,t02_s06,Sprint 2
t02,lone wolf,t02_s02,Sprint 2
t02,good teammate,t02_s01,Sprint 2
t02,lone wolf,t02_s05,Sprint 2
t02,lone wolf,t02_s03,Sprint 2
t02,lone wolf,t02_s04,Sprint 2
t05,good teammember,t05_s01,Sprint 2
t05,good teammate,t05_s03,Sprint 2
t05,good teammate,t05_s02,Sprint 2
t05,good teammate,t05_s04,Sprint 2
t05,good teammate,t05_s05,Sprint 2
t02,good teammember,t02_s03,Sprint 2
t02,good teammate,t02_s02,Sprint 2
t02,good teammate,t02_s01,Sprint 2
t02,good teammate,t02_s05,Sprint 2
t02,good teammate,t02_s04,Sprint 2
t02,good teammate,t02_s06,Sprint 2
t06,good teammember,t06_s02,Sprint 2
t06,couch potato,t06_s01,Sprint 2
t06,good teammate,t06_s03,Sprint 2
t06,couch potato,t06_s04,Sprint 2
t06,good teammate,t06_s05,Sprint 2
t09,good teammember,t09_s04,Sprint 2
t09,good teammate,t09_s01,Sprint 2
t09,hitchhiker,t09_s07,Sprint 2
t09,couch potato,t09_s02,Sprint 2
t09,good teammate,t09_s06,Sprint 2
t09,good teammate,t09_s03,Sprint 2
t24,good teammember,t24_s02,Sprint 2
t24,good teammate,t24_s03,Sprint 2
t24,good teammate,t24_s01,Sprint 2
t24,hitchhiker,t24_s05,Sprint 2
t24,hitchhiker,t24_s04,Sprint 2
t10,good teammember,t10_s02,Sprint 2
t10,couch potato,t10_s05,Sprint 2
t10,good teammate,t10_s04,Sprint 2
t10,good teammate,t10_s01,Sprint 2
t10,hitchhiker,t10_s03,Sprint 2
t11,good teammember,t11_s02,Sprint 2
t11,good teammate,t11_s03,Sprint 2
t11,good teammate,t11_s04,Sprint 2
t11,good teammate,t11_s01,Sprint 2
t24,good teammember,t24_s01,Sprint 2
t24,good teammate,t24_s02,Sprint 2
t24,good teammate,t24_s03,Sprint 2
t24,good teammate,t24_s05,Sprint 2
t24,couch potato,t24_s04,Sprint 2
t24,good teammember,t24_s05,Sprint 2
t24,good teammate,t24_s03,Sprint 2
t24,good teammate,t24_s02,Sprint 2
t24,good teammate,t24_s01,Sprint 2
t24,good teammate,t24_s04,Sprint 2
t19,good teammate,t19_s06,Sprint 2
t19,good teammate,t19_s05,Sprint 2
t19,good teammate,t19_s04,Sprint 2
t19,good teammate,t19_s01,Sprint 2
t10,good teammember,t10_s04,Sprint 2
t10,good teammate,t10_s01,Sprint 2
t10,hitchhiker,t10_s03,Sprint 2
t10,couch potato,t10_s02,Sprint 2
t02,good teammember,t02_s04,Sprint 2
t02,good teammate,t02_s03,Sprint 2
t02,good teammate,t02_s02,Sprint 2
t02,good teammate,t02_s01,Sprint 2
t02,lone wolf,t02_s05,Sprint 2
t02,good teammate,t02_s06,Sprint 2
t02,good teammember,t02_s05,Sprint 2
t02,good teammate,t02_s03,Sprint 2
t02,good teammate,t02_s01,Sprint 2
t02,good teammate,t02_s02,Sprint 2
t02,good teammate,t02_s04,Sprint 2
t02,good teammate,t02_s06,Sprint 2
t24,good teammember,t24_s04,Sprint 2
t24,good teammate,t24_s03,Sprint 2
t24,good teammate,t24_s05,Sprint 2
t24,good teammate,t24_s02,Sprint 2
t24,good teammate,t24_s01,Sprint 2
t12,good teammember,t12_s04,Sprint 2
t12,good teammate,t12_s03,Sprint 2
t12,good teammate,t12_s01,Sprint 2
t12,good teammate,t12_s05,Sprint 2
t12,gamer,t12_s02,Sprint 2
t21,couch potato,t21_s04,Sprint 2
t21,good teammate,t21_s02,Sprint 2
t21,good teammate,t21_s05,Sprint 2
t21,good teammate,t21_s03,Sprint 2
t21,good teammate,t21_s01,Sprint 2
t16,good teammember,t16_s04,Sprint 2
t16,good teammate,t16_s03,Sprint 2
t16,good teammate,t16_s05,Sprint 2
t16,good teammate,t16_s02,Sprint 2
t16,good teammate,t16_s01,Sprint 2
t13,good teammember,t13_s05,Sprint 2
t13,good teammate,t13_s01,Sprint 2
t13,good teammate,t13_s03,Sprint 2
t13,good teammate,t13_s04,Sprint 2
t13,couch potato,t13_s02,Sprint 2
t21,good teammember,t21_s01,Sprint 2
t21,good teammate,t21_s03,Sprint 2
t21,hitchhiker,t21_s04,Sprint 2
t21,good teammate,t21_s02,Sprint 2
t21,good teammate,t21_s05,Sprint 2
t21,good teammember,t21_s05,Sprint 2
t21,good teammate,t21_s03,Sprint 2
t21,good teammate,t21_s02,Sprint 2
t21,couch potato,t21_s01,Sprint 2
t21,couch potato,t21_s04,Sprint 2
t10,good teammember,t10_s01,Sprint 2
t10,good teammate,t10_s02,Sprint 2
t10,couch potato,t10_s04,Sprint 2
t10,couch potato,t10_s03,Sprint 2
t21,good teammember,t21_s03,Sprint 2
t21,good teammate,t21_s02,Sprint 2
t21,good teammate,t21_s05,Sprint 2
t21,lone wolf,t21_s01,Sprint 2
t21,hitchhiker,t21_s04,Sprint 2
t20,good teammember,t20_s06,Sprint 2
t20,good teammate,t20_s04,Sprint 2
t20,good teammate,t20_s02,Sprint 2
t20,good teammate,t20_s05,Sprint 2
t20,good teammate,t20_s01,Sprint 2
t20,good teammate,t20_s03,Sprint 2
t01,good teammember,t01_s04,Sprint 2
t01,good teammate,t01_s03,Sprint 2
t01,good teammate,t01_s05,Sprint 2
t01,good teammate,t01_s02,Sprint 2
t20,hitchhiker,t20_s05,Sprint 2
t20,good teammate,t20_s03,Sprint 2
t20,good teammate,t20_s01,Sprint 2
t20,good teammate,t20_s02,Sprint 2
t20,good teammate,t20_s04,Sprint 2
t20,good teammate,t20_s06,Sprint 2
t17,good teammember,t17_s04,Sprint 2
t17,good teammate,t17_s02,Sprint 2
t17,good teammate,t17_s05,Sprint 2
t17,good teammate,t17_s01,Sprint 2
t17,good teammate,t17_s03,Sprint 2
t23,good teammember,t23_s02,Sprint 2
t23,good teammate,t23_s04,Sprint 2
t23,good teammate,t23_s05,Sprint 2
t23,good teammate,t23_s01,Sprint 2
t23,couch potato,t23_s03,Sprint 2
t19,good teammember,t19_s01,Sprint 2
t19,good teammate,t19_s04,Sprint 2
t19,good teammate,t19_s06,Sprint 2
t19,good teammate,t19_s05,Sprint 2
t04,good teammember,t04_s01,Sprint 2
t04,hitchhiker,t04_s04,Sprint 2
t04,hitchhiker,t04_s05,Sprint 2
t04,hitchhiker,t04_s02,Sprint 2
t04,hitchhiker,t04_s03,Sprint 2
t18,good teammember,t18_s02,Sprint 2
t18,good teammate,t18_s03,Sprint 2
t18,couch potato,t18_s01,Sprint 2
t18,couch potato,t18_s05,Sprint 2
t18,couch potato,t18_s06,Sprint 2
t11,good teammember,t11_s02,Sprint 2
t11,good teammate,t11_s03,Sprint 2
t11,good teammate,t11_s04,Sprint 2
t11,good teammate,t11_s01,Sprint 2
t06,good teammember,t06_s03,Sprint 2
t06,good teammate,t06_s04,Sprint 2
t06,good teammate,t06_s01,Sprint 2
t06,good teammate,t06_s02,Sprint 2
t06,good teammate,t06_s05,Sprint 2
t19,good teammember,t19_s04,Sprint 2
t19,good teammate,t19_s01,Sprint 2
t19,good teammate,t19_s06,Sprint 2
t19,good teammate,t19_s05,Sprint 2
t15,good teammember,t15_s05,Sprint 2
t15,good teammate,t15_s03,Sprint 2
t15,good teammate,t15_s01,Sprint 2
t15,good teammate,t15_s02,Sprint 2
t15,good teammate,t15_s04,Sprint 2
t22,good teammember,t22_s03,Sprint 2
t22,good teammate,t22_s04,Sprint 2
t22,good teammate,t22_s02,Sprint 2
t22,good teammate,t22_s01,Sprint 2
t22,good teammate,t22_05,Sprint 2
t21,good teammember,t21_s02,Sprint 2
t21,couch potato,t21_s04,Sprint 2
t21,couch potato,t21_s05,Sprint 2
t21,good teammate,t21_s03,Sprint 2
t21,couch potato,t21_s01,Sprint 2
t04,good teammember,t04_s02,Sprint 2
t04,lone wolf,t04_s01,Sprint 2
t04,good teammate,t04_s04,Sprint 2
t04,good teammate,t04_s03,Sprint 2
t04,couch potato,t04_s05,Sprint 2
t01,good teammember,t01_s05,Sprint 2
t01,good teammate,t01_s03,Sprint 2
t01,good teammate,t01_s04,Sprint 2
t01,good teammate,t01_s02,Sprint 2
t08,good teammember,t08_s03,Sprint 2
t08,good teammate,t08_s02,Sprint 2
t08,good teammate,t08_s01,Sprint 2
t08,good teammate,t08_s04,Sprint 2
t02,good teammember,t02_s02,Sprint 2
t02,good teammate,t02_s05,Sprint 2
t02,good teammate,t02_s03,Sprint 2
t02,good teammate,t02_s01,Sprint 2
t02,good teammate,t02_s04,Sprint 2
t02,good teammate,t02_s06,Sprint 2
t20,good teammember,t20_s04,Sprint 2
t20,good teammate,t20_s02,Sprint 2
t20,couch potato,t20_s06,Sprint 2
t20,hitchhiker,t20_s05,Sprint 2
t20,good teammate,t20_s03,Sprint 2
t20,couch potato,t20_s01,Sprint 2
t20,good teammember,t20_s03,Sprint 2
t20,good teammate,t20_s04,Sprint 2
t20,good teammate,t20_s05,Sprint 2
t20,good teammate,t20_s02,Sprint 2
t20,good teammate,t20_s01,Sprint 2
t20,good teammate,t20_s06,Sprint 2
t12,good teammember,t12_s05,Sprint 2
t12,good teammate,t12_s03,Sprint 2
t12,good teammate,t12_s04,Sprint 2
t12,good teammate,t12_s02,Sprint 2
t12,good teammate,t12_s01,Sprint 2
t17,good teammember,t17_s02,Sprint 2
t17,good teammate,t17_s05,Sprint 2
t17,good teammate,t17_s01,Sprint 2
t17,lone wolf,t17_s04,Sprint 2
t17,hitchhiker,t17_s03,Sprint 2
t17,good teammember,t17_s03,Sprint 2
t17,good teammate,t17_s04,Sprint 2
t17,good teammate,t17_s01,Sprint 2
t17,good teammate,t17_s02,Sprint 2
t17,good teammate,t17_s05,Sprint 2
t09,good teammember,t09_s07,Sprint 2
t09,good teammate,t09_s04,Sprint 2
t09,good teammate,t09_s01,Sprint 2
t09,hitchhiker,t09_s06,Sprint 2
t09,hitchhiker,t09_s02,Sprint 2
t16,good teammember,t16_s02,Sprint 2
t16,good teammate,t16_s05,Sprint 2
t16,good teammate,t16_s03,Sprint 2
t16,good teammate,t16_s01,Sprint 2
t16,good teammate,t16_s04,Sprint 2
t18,good teammember,t18_s06,Sprint 2
t18,good teammate,t18_s02,Sprint 2
t18,good teammate,t18_s05,Sprint 2
t18,good teammate,t18_s03,Sprint 2
t18,good teammate,t18_s01,Sprint 2
t24,good teammember,t24_s03,Sprint 2
t24,good teammate,t24_s05,Sprint 2
t24,good teammate,t24_s04,Sprint 2
t24,good teammate,t24_s02,Sprint 2
t24,good teammate,t24_s01,Sprint 2
t14,good teammember,t14_s02,Sprint 2
t14,good teammate,t14_s03,Sprint 2
t14,good teammate,t14_s01,Sprint 2
t14,good teammate,t14_s05,Sprint 2
t14,good teammate,t14_s04,Sprint 2
t13,good teammember,t13_s01,Sprint 2
t13,good teammate,t13_s05,Sprint 2
t13,good teammate,t13_s03,Sprint 2
t13,good teammate,t13_s04,Sprint 2
t13,gamer,t13_s02,Sprint 2
t17,good teammember,t17_s05,Sprint 2
t17,good teammate,t17_s01,Sprint 2
t17,good teammate,t17_s04,Sprint 2
t17,good teammate,t17_s02,Sprint 2
t17,good teammate,t17_s03,Sprint 2
t09,good teammember,t09_s02,Sprint 2
t09,good teammate,t09_s01,Sprint 2
t09,good teammate,t09_s04,Sprint 2
t09,good teammate,t09_s06,Sprint 2
t09,good teammate,t09_s03,Sprint 2
t09,hitchhiker,t09_s07,Sprint 2
t11,good teammember,t11_s03,Sprint 2
t11,good teammate,t11_s04,Sprint 2
t11,good teammate,t11_s02,Sprint 2
t11,good teammate,t11_s01,Sprint 2
t13,good teammember,t13_s04,Sprint 2
t13,good teammate,t13_s01,Sprint 2
t13,good teammate,t13_s05,Sprint 2
t13,good teammate,t13_s02,Sprint 2
t13,good teammate,t13_s03,Sprint 2
t13,couch potato,t13_s02,Sprint 2
t13,good teammate,t13_s03,Sprint 2
t13,good teammate,t13_s01,Sprint 2
t13,couch potato,t13_s04,Sprint 2
t13,good teammate,t13_s05,Sprint 2
t08,good teammember,t08_s01,Sprint 2
t08,good teammate,t08_s02,Sprint 2
t08,good teammate,t08_s03,Sprint 2
t08,good teammate,t08_s04,Sprint 2
t01,good teammember,t01_s02,Sprint 2
t01,good teammate,t01_s03,Sprint 2
t01,couch potato,t01_s05,Sprint 2
t01,couch potato,t01_s04,Sprint 2
t22,good teammember,t22_s02,Sprint 2
t22,lone wolf,t22_05,Sprint 2
t22,lone wolf,t22_s03,Sprint 2
t22,lone wolf,t22_s01,Sprint 2
t22,good teammate,t22_s04,Sprint 2
t12,good teammember,t12_s01,Sprint 2
t12,good teammate,t12_s03,Sprint 2
t12,good teammate,t12_s02,Sprint 2
t12,good teammate,t12_s04,Sprint 2
t12,good teammate,t12_s05,Sprint 2
t20,good teammember,t20_s02,Sprint 2
t20,good teammate,t20_s03,Sprint 2
t20,good teammate,t20_s04,Sprint 2
t20,good teammate,t20_s05,Sprint 2
t20,good teammate,t20_s06,Sprint 2
t20,good teammate,t20_s01,Sprint 2
t23,good teammember,t23_s01,Sprint 2
t23,good teammate,t23_s04,Sprint 2
t23,good teammate,t23_s05,Sprint 2
t23,good teammate,t23_s02,Sprint 2
t23,couch potato,t23_s03,Sprint 2
t05,good teammember,t05_s02,Sprint 2
t05,good teammate,t05_s05,Sprint 2
t05,good teammate,t05_s01,Sprint 2
t05,good teammate,t05_s03,Sprint 2
t05,good teammate,t05_s04,Sprint 2
t14,good teammember,t14_s03,Sprint 2
t14,good teammate,t14_s01,Sprint 2
t14,good teammate,t14_s05,Sprint 2
t14,good teammate,t14_s04,Sprint 2
t14,good teammate,t14_s02,Sprint 2
t10,good teammember,t10_s03,Sprint 2
t10,good teammate,t10_s01,Sprint 2
t10,good teammate,t10_s02,Sprint 2
t10,good teammate,t10_s04,Sprint 2
t23,good teammember,t23_s05,Sprint 2
t23,good teammate,t23_s04,Sprint 2
t23,good teammate,t23_s01,Sprint 2
t23,good teammate,t23_s02,Sprint 2
t23,couch potato,t23_s03,Sprint 2
t23,good teammember,t23_s04,Sprint 2
t23,good teammate,t23_s05,Sprint 2
t23,good teammate,t23_s02,Sprint 2
t23,good teammate,t23_s01,Sprint 2
t23,couch potato,t23_s03,Sprint 2
t13,good teammember,t13_s03,Sprint 2
t13,good teammate,t13_s04,Sprint 2
t13,good teammate,t13_s01,Sprint 2
t13,couch potato,t13_s02,Sprint 2
t13,good teammate,t13_s05,Sprint 2
t12,good teammember,t12_s02,Sprint 2
t12,good teammate,t12_s04,Sprint 2
t12,good teammate,t12_s03,Sprint 2
t12,good teammate,t12_s01,Sprint 2
t07,good teammember,t07_s02,Sprint 2
t07,good teammate,t07_s04,Sprint 2
t07,good teammate,t07_s05,Sprint 2
t07,good teammate,t07_s03,Sprint 2
t07,good teammate,t07_s01,Sprint 2
t22,good teammember,t22_s04,Sprint 2
t22,good teammate,t22_s02,Sprint 2
t22,good teammate,t22_s01,Sprint 2
t22,good teammate,t22_05,Sprint 2
t22,good teammate,t22_s03,Sprint 2
t03,good teammember,t03_s03,Sprint 2
t03,good teammate,t03_s02,Sprint 2
t03,good teammate,t03_s05,Sprint 2
t03,good teammate,t03_s04,Sprint 2
t03,good teammate,t03_s01,Sprint 2
t09,couch potato,t09_s03,Sprint 2
t09,good teammate,t09_s06,Sprint 2
t09,good teammate,t09_s01,Sprint 2
t09,good teammate,t09_s04,Sprint 2
t09,couch potato,t09_s02,Sprint 2
t09,couch potato,t09_s07,Sprint 2
t03,good teammember,t03_s01,Sprint 2
t03,good teammate,t03_s04,Sprint 2
t03,good teammate,t03_s05,Sprint 2
t03,good teammate,t03_s02,Sprint 2
t03,good teammate,t03_s03,Sprint 2
t15,good teammember,t15_s01,Sprint 2
t15,good teammate,t15_s02,Sprint 2
t15,good teammate,t15_s04,Sprint 2
t15,good teammate,t15_s05,Sprint 2
t15,good teammate,t15_s03,Sprint 2
t07,good teammember,t07_s01,Sprint 2
t07,good teammate,t07_s02,Sprint 2
t07,good teammate,t07_s05,Sprint 2
t07,good teammate,t07_s04,Sprint 2
t07,good teammate,t07_s03,Sprint 2
t09,good teammember,t09_s06,Sprint 2
t09,good teammate,t09_s04,Sprint 2
t09,good teammate,t09_s02,Sprint 2
t09,good teammate,t09_s03,Sprint 2
t09,good teammate,t09_s01,Sprint 2
t09,couch potato,t09_s07,Sprint 2
t16,good teammember,t16_s03,Sprint 2
t16,good teammate,t16_s02,Sprint 2
t16,good teammate,t16_s01,Sprint 2
t16,good teammate,t16_s05,Sprint 2
t16,good teammate,t16_s04,Sprint 2
t15,good teammember,t15_s02,Sprint 2
t15,good teammate,t15_s01,Sprint 2
t15,good teammate,t15_s03,Sprint 2
t15,gamer,t15_s05,Sprint 2
t15,good teammate,t15_s04,Sprint 2
t02,good teammember,t02_s01,Sprint 2
t02,good teammate,t02_s06,Sprint 2
t02,couch potato,t02_s04,Sprint 2
t02,good teammate,t02_s05,Sprint 2
t02,couch potato,t02_s03,Sprint 2
t02,couch potato,t02_s02,Sprint 2
t19,good teammember,t19_s05,Sprint 2
t19,good teammate,t19_s04,Sprint 2
t19,good teammate,t19_s01,Sprint 2
t19,good teammate,t19_s06,Sprint 2
t16,good teammember,t16_s05,Sprint 2
t16,good teammate,t16_s02,Sprint 2
t16,good teammate,t16_s03,Sprint 2
t16,good teammate,t16_s04,Sprint 2
t16,good teammate,t16_s01,Sprint 2
t05,good teammember,t05_s03,Sprint 2
t05,good teammate,t05_s04,Sprint 2
t05,good teammate,t05_s05,Sprint 2
t05,good teammate,t05_s01,Sprint 2
t05,couch potato,t05_s02,Sprint 2
t10,good teammember,t10_s01,Sprint 2
t10,good teammate,t10_s02,Sprint 2
t10,good teammate,t10_s04,Sprint 2
t10,good teammate,t10_s03,Sprint 2
t15,good teammember,t15_s03,Sprint 2
t15,good teammate,t15_s01,Sprint 2
t15,good teammate,t15_s04,Sprint 2
t15,good teammate,t15_s02,Sprint 2
t04,good teammember,t04_s03,Sprint 2
t04,good teammate,t04_s04,Sprint 2
t04,lone wolf,t04_s01,Sprint 2
t04,good teammate,t04_s02,Sprint 2
t04,hitchhiker,t04_s05,Sprint 2
t11,good teammember,t11_s04,Sprint 2
t11,good teammate,t11_s02,Sprint 2
t11,good teammate,t11_s01,Sprint 2
t11,good teammate,t11_s03,Sprint 2
t04,couch potato,t04_s05,Sprint 2
t04,good teammate,t04_s02,Sprint 2
t04,good teammate,t04_s03,Sprint 2
t04,good teammate,t04_s04,Sprint 2
t04,good teammate,t04_s01,Sprint 2
t18,good teammember,t18_s03,Sprint 2
t18,good teammate,t18_s02,Sprint 2
t18,good teammate,t18_s01,Sprint 2
t18,good teammate,t18_s05,Sprint 2
t18,couch potato,t18_s06,Sprint 2
t04,good teammember,t04_s04,Sprint 2
t04,good teammate,t04_s03,Sprint 2
t04,lone wolf,t04_s01,Sprint 2
t04,good teammate,t04_s02,Sprint 2
t04,couch potato,t04_s05,Sprint 2
t14,good teammember,t14_s05,Sprint 2
t14,good teammate,t14_s02,Sprint 2
t14,good teammate,t14_s01,Sprint 2
t14,good teammate,t14_s04,Sprint 2
t14,good teammate,t14_s03,Sprint 2
t22,good teammember,t22_s01,Sprint 2
t22,good teammate,t22_s04,Sprint 2
t22,good teammate,t22_s03,Sprint 2
t22,good teammate,t22_s02,Sprint 2
t22,lone wolf,t22_05,Sprint 2
t17,good teammember,t17_s01,Sprint 2
t17,good teammate,t17_s02,Sprint 2
t17,good teammate,t17_s04,Sprint 2
t17,good teammate,t17_s03,Sprint 2
t17,good teammate,t17_s05,Sprint 2
t06,good teammember,t06_s04,Sprint 2
t06,good teammate,t06_s01,Sprint 2
t06,good teammate,t06_s02,Sprint 2
t06,good teammate,t06_s03,Sprint 2
t06,good teammate,t06_s05,Sprint 2
t18,good teammember,t18_s05,Sprint 2
t18,good teammate,t18_s02,Sprint 2
t18,good teammate,t18_s01,Sprint 2
t18,good teammate,t18_s03,Sprint 2
t18,lone wolf,t18_s06,Sprint 2
t08,good teammember,t08_s02,Sprint 2
t08,good teammate,t08_s01,Sprint 2
t08,good teammate,t08_s03,Sprint 2
t08,good teammate,t08_s04,Sprint 2
t01,good teammember,t01_s03,Sprint 2
t01,good teammate,t01_s02,Sprint 2
t01,good teammate,t01_s05,Sprint 2
t01,good teammate,t01_s04,Sprint 2
t14,good teammember,t14_s04,Sprint 2
t14,good teammate,t14_s03,Sprint 2
t14,good teammate,t14_s05,Sprint 2
t14,good teammate,t14_s02,Sprint 2
t14,good teammate,t14_s01,Sprint 2
t16,good teammember,t16_s01,Sprint 2
t16,good teammate,t16_s03,Sprint 2
t16,good teammate,t16_s05,Sprint 2
t16,good teammate,t16_s04,Sprint 2
t16,good teammate,t16_s02,Sprint 2
t20,lone wolf,t20_s01,Sprint 2
t20,good teammate,t20_s02,Sprint 2
t20,good teammate,t20_s05,Sprint 2
t20,good teammate,t20_s06,Sprint 2
t20,good teammate,t20_s04,Sprint 2
t20,good teammate,t20_s03,Sprint 2
t07,good teammember,t07_s03,Sprint 2
t07,good teammate,t07_s01,Sprint 2
t07,good teammate,t07_s02,Sprint 2
t07,lone wolf,t07_s05,Sprint 2
t07,couch potato,t07_s04,Sprint 2
t07,good teammember,t07_s04,Sprint 2
t07,lone wolf,t07_s05,Sprint 2
t07,good teammate,t07_s01,Sprint 2
t07,hitchhiker,t07_s02,Sprint 2
t07,good teammate,t07_s03,Sprint 2
t09,good teammember,t09_s01,Sprint 2
t09,good teammate,t09_s04,Sprint 2
t09,couch potato,t09_s07,Sprint 2
t09,couch potato,t09_s02,Sprint 2
t09,good teammate,t09_s06,Sprint 2
t09,good teammate,t09_s03,Sprint 2
t09,good teammember,t09_s01,Sprint 2
t09,good teammate,t09_s04,Sprint 2
t09,couch potato,t09_s07,Sprint 2
t09,couch potato,t09_s02,Sprint 2
t09,good teammate,t09_s06,Sprint 2
t09,good teammate,t09_s03,Sprint 2
t11,good teammember,t11_s01,Sprint 2
t11,good teammate,t11_s04,Sprint 2
t11,good teammate,t11_s02,Sprint 2
t11,good teammate,t11_s03,Sprint 2
t14,good teammember,t14_s01,Sprint 2
t14,good teammate,t14_s03,Sprint 2
t14,good teammate,t14_s02,Sprint 2
t14,couch potato,t14_s04,Sprint 2
t14,gamer,t14_s05,Sprint 2
t06,hitchhiker,t06_s01,Sprint 2
t06,good teammate,t06_s04,Sprint 2
t06,good teammate,t06_s03,Sprint 2
t06,good teammate,t06_s02,Sprint 2
t06,hitchhiker,t06_s05,Sprint 2
t05,good teammember,t05_s05,Sprint 2
t05,good teammate,t05_s01,Sprint 2
t05,good teammate,t05_s04,Sprint 2
t05,hitchhiker,t05_s02,Sprint 2
t05,good teammate,t05_s03,Sprint 2
t12,good teammember,t12_s03,Sprint 2
t12,good teammate,t12_s01,Sprint 2
t12,good teammate,t12_s05,Sprint 2
t12,good teammate,t12_s04,Sprint 2
t12,good teammate,t12_s02,Sprint 2
t06,good teammember,t06_s05,Sprint 2
t06,good teammate,t06_s03,Sprint 2
t06,good teammate,t06_s02,Sprint 2
t06,good teammate,t06_s04,Sprint 2
t06,good teammate,t06_s01,Sprint 2
t05,good teammember,t05_s04,Sprint 2
t05,good teammate,t05_s01,Sprint 2
t05,good teammate,t05_s02,Sprint 2
t05,good teammate,t05_s03,Sprint 2
t05,good teammate,t05_s05,Sprint 2
t03,good teammember,t03_s05,Sprint 2
t03,good teammate,t03_s02,Sprint 2
t03,good teammate,t03_s03,Sprint 2
t03,good teammate,t03_s04,Sprint 2
t03,good teammate,t03_s01,Sprint 2
t03,good teammember,t03_s02,Sprint 2
t03,good teammate,t03_s03,Sprint 2
t03,good teammate,t03_s04,Sprint 2
t03,good teammate,t03_s01,Sprint 2
t03,good teammate,t03_s05,Sprint 2
t03,good teammember,t03_s04,Sprint 2
t03,good teammate,t03_s05,Sprint 2
t03,good teammate,t03_s03,Sprint 2
t03,good teammate,t03_s02,Sprint 2
t03,good teammate,t03_s01,Sprint 2
t07,good teammember,t07_s05,Sprint 2
t07,good teammate,t07_s02,Sprint 2
t07,good teammate,t07_s04,Sprint 2
t07,good teammate,t07_s01,Sprint 2
t07,good teammate,t07_s03,Sprint 2
t15,good teammember,t15_s04,Sprint 2
t15,good teammate,t15_s02,Sprint 2
t15,gamer,t15_s01,Sprint 2
t15,couch potato,t15_s05,Sprint 2
t15,good teammate,t15_s03,Sprint 2
t16,good teammember,t16_s05,Sprint 3
t16,good teammate,t16_s02,Sprint 3
t16,good teammate,t16_s04,Sprint 3
t16,good teammate,t16_s03,Sprint 3
t16,good teammate,t16_s01,Sprint 3
t22,good teammember,t22_s02,Sprint 3
t22,good teammate,t22_05,Sprint 3
t22,gamer,t22_s01,Sprint 3
t22,couch potato,t22_s03,Sprint 3
t22,good teammate,t22_s04,Sprint 3
t06,good teammember,t06_s02,Sprint 3
t06,good teammate,t06_s01,Sprint 3
t06,couch potato,t06_s03,Sprint 3
t06,good teammate,t06_s04,Sprint 3
t06,good teammate,t06_s05,Sprint 3
t14,good teammember,t14_s02,Sprint 3
t14,good teammate,t14_s03,Sprint 3
t14,good teammate,t14_s05,Sprint 3
t14,good teammate,t14_s04,Sprint 3
t14,good teammate,t14_s01,Sprint 3
t11,good teammember,t11_s03,Sprint 3
t11,good teammate,t11_s02,Sprint 3
t11,good teammate,t11_s04,Sprint 3
t11,good teammate,t11_s01,Sprint 3
t11,good teammate,t11_s05,Sprint 3
t06,good teammember,t06_s03,Sprint 3
t06,good teammate,t06_s01,Sprint 3
t06,good teammate,t06_s04,Sprint 3
t06,good teammate,t06_s02,Sprint 3
t06,good teammate,t06_s05,Sprint 3
t22,good teammember,t22_s03,Sprint 3
t22,good teammate,t22_s04,Sprint 3
t22,good teammate,t22_s02,Sprint 3
t22,good teammate,t22_s01,Sprint 3
t22,good teammate,t22_05,Sprint 3
t13,good teammember,t13_s05,Sprint 3
t13,good teammate,t13_s01,Sprint 3
t13,couch potato,t13_s02,Sprint 3
t13,good teammate,t13_s03,Sprint 3
t13,good teammate,t13_s04,Sprint 3
t17,good teammember,t17_s03,Sprint 3
t17,good teammate,t17_s01,Sprint 3
t17,good teammate,t17_s04,Sprint 3
t17,good teammate,t17_s02,Sprint 3
t17,good teammate,t17_s05,Sprint 3
t12,good teammember,t12_s05,Sprint 3
t12,good teammate,t12_s04,Sprint 3
t12,good teammate,t12_s02,Sprint 3
t12,good teammate,t12_s03,Sprint 3
t12,good teammate,t12_s01,Sprint 3
t09,good teammember,t09_s01,Sprint 3
t09,good teammate,t09_s04,Sprint 3
t09,couch potato,t09_s02,Sprint 3
t09,good teammate,t09_s06,Sprint 3
t09,good teammate,t09_s03,Sprint 3
t12,good teammember,t12_s04,Sprint 3
t12,good teammate,t12_s03,Sprint 3
t12,good teammate,t12_s01,Sprint 3
t12,good teammate,t12_s05,Sprint 3
t12,good teammate,t12_s02,Sprint 3
t24,good teammember,t24_s05,Sprint 3
t24,good teammate,t24_s02,Sprint 3
t24,good teammate,t24_s03,Sprint 3
t24,good teammate,t24_s04,Sprint 3
t24,good teammate,t24_s01,Sprint 3
t16,good teammate,t16_s01,Sprint 3
t16,good teammate,t16_s03,Sprint 3
t16,good teammate,t16_s05,Sprint 3
t16,good teammate,t16_s02,Sprint 3
t16,good teammate,t16_s04,Sprint 3
t02,good teammember,t02_s01,Sprint 3
t02,good teammate,t02_s06,Sprint 3
t02,hitchhiker,t02_s04,Sprint 3
t02,hitchhiker,t02_s02,Sprint 3
t02,hitchhiker,t02_s03,Sprint 3
t02,good teammate,t02_s05,Sprint 3
t07,good teammember,t07_s04,Sprint 3
t07,good teammate,t07_s03,Sprint 3
t07,good teammate,t07_s01,Sprint 3
t07,good teammate,t07_s05,Sprint 3
t07,couch potato,t07_s02,Sprint 3
t09,good teammember,t09_s02,Sprint 3
t09,good teammate,t09_s01,Sprint 3
t09,good teammate,t09_s04,Sprint 3
t09,good teammate,t09_s06,Sprint 3
t09,good teammate,t09_s03,Sprint 3
t11,good teammember,t11_s01,Sprint 3
t11,good teammate,t11_s03,Sprint 3
t11,good teammate,t11_s05,Sprint 3
t11,good teammate,t11_s04,Sprint 3
t11,lone wolf,t11_s02,Sprint 3
t12,good teammember,t12_s03,Sprint 3
t12,good teammate,t12_s02,Sprint 3
t12,good teammate,t12_s01,Sprint 3
t12,good teammate,t12_s04,Sprint 3
t12,good teammate,t12_s05,Sprint 3
t02,good teammember,t02_s03,Sprint 3
t02,good teammate,t02_s01,Sprint 3
t02,good teammate,t02_s02,Sprint 3
t02,good teammate,t02_s05,Sprint 3
t02,good teammate,t02_s06,Sprint 3
t02,good teammate,t02_s04,Sprint 3
t05,good teammember,t05_s04,Sprint 3
t05,good teammate,t05_s05,Sprint 3
t05,good teammate,t05_s03,Sprint 3
t05,good teammate,t05_s02,Sprint 3
t05,good teammate,t05_s01,Sprint 3
t03,good teammember,t03_s03,Sprint 3
t03,good teammate,t03_s05,Sprint 3
t03,good teammate,t03_s02,Sprint 3
t03,good teammate,t03_s04,Sprint 3
t03,good teammate,t03_s01,Sprint 3
t15,good teammember,t15_s01,Sprint 3
t15,good teammate,t15_s02,Sprint 3
t15,good teammate,t15_s05,Sprint 3
t15,good teammate,t15_s03,Sprint 3
t15,good teammate,t15_s04,Sprint 3
t11,good teammember,t11_s02,Sprint 3
t11,good teammate,t11_s04,Sprint 3
t11,good teammate,t11_s01,Sprint 3
t11,good teammate,t11_s03,Sprint 3
t11,good teammate,t11_s05,Sprint 3
t23,good teammember,t23_s04,Sprint 3
t23,good teammate,t23_s05,Sprint 3
t23,couch potato,t23_s03,Sprint 3
t23,good teammate,t23_s01,Sprint 3
t23,lone wolf,t23_s02,Sprint 3
t18,good teammember,t18_s06,Sprint 3
t18,good teammate,t18_s01,Sprint 3
t18,good teammate,t18_s02,Sprint 3
t18,good teammate,t18_s05,Sprint 3
t18,good teammate,t18_s04,Sprint 3
t18,good teammate,t18_s03,Sprint 3
t05,good teammember,t05_s02,Sprint 3
t05,good teammate,t05_s01,Sprint 3
t05,good teammate,t05_s03,Sprint 3
t05,good teammate,t05_s04,Sprint 3
t05,good teammate,t05_s05,Sprint 3
t01,good teammember,t01_s04,Sprint 3
t01,good teammate,t01_s03,Sprint 3
t01,good teammate,t01_s02,Sprint 3
t01,good teammate,t01_s01,Sprint 3
t01,good teammate,t01_s05,Sprint 3
t05,good teammember,t05_s01,Sprint 3
t05,good teammate,t05_s02,Sprint 3
t05,good teammate,t05_s04,Sprint 3
t05,good teammate,t05_s05,Sprint 3
t05,good teammate,t05_s03,Sprint 3
t18,good teammember,t18_s02,Sprint 3
t18,good teammate,t18_s01,Sprint 3
t18,good teammate,t18_s04,Sprint 3
t18,good teammate,t18_s03,Sprint 3
t18,good teammate,t18_s05,Sprint 3
t18,couch potato,t18_s06,Sprint 3
t13,good teammember,t13_s01,Sprint 3
t13,good teammate,t13_s03,Sprint 3
t13,gamer,t13_s02,Sprint 3
t13,good teammate,t13_s04,Sprint 3
t13,good teammate,t13_s05,Sprint 3
t12,good teammember,t12_s01,Sprint 3
t12,good teammate,t12_s03,Sprint 3
t12,good teammate,t12_s04,Sprint 3
t12,good teammate,t12_s05,Sprint 3
t12,good teammate,t12_s02,Sprint 3
t17,good teammember,t17_s04,Sprint 3
t17,good teammate,t17_s01,Sprint 3
t17,good teammate,t17_s02,Sprint 3
t17,good teammate,t17_s05,Sprint 3
t17,good teammate,t17_s03,Sprint 3
t08,good teammember,t08_s01,Sprint 3
t08,good teammate,t08_s03,Sprint 3
t08,good teammate,t08_s02,Sprint 3
t08,good teammate,t08_s04,Sprint 3
t08,good teammate,t08_s05,Sprint 3
t15,good teammember,t15_s05,Sprint 3
t15,good teammate,t15_s02,Sprint 3
t15,good teammate,t15_s01,Sprint 3
t15,good teammate,t15_s03,Sprint 3
t15,good teammate,t15_s04,Sprint 3
t07,good teammember,t07_s03,Sprint 3
t07,good teammate,t07_s01,Sprint 3
t07,lone wolf,t07_s02,Sprint 3
t07,lone wolf,t07_s05,Sprint 3
t07,lone wolf,t07_s04,Sprint 3
t10,good teammember,t10_s03,Sprint 3
t10,good teammate,t10_s01,Sprint 3
t10,good teammate,t10_s02,Sprint 3
t10,good teammate,t10_s04,Sprint 3
t20,good teammember,t20_s01,Sprint 3
t20,good teammate,t20_s02,Sprint 3
t20,good teammate,t20_s04,Sprint 3
t20,good teammate,t20_s05,Sprint 3
t20,good teammate,t20_s06,Sprint 3
t20,good teammate,t20_s03,Sprint 3
t21,good teammember,t21_s04,Sprint 3
t21,good teammate,t21_s02,Sprint 3
t21,good teammate,t21_s05,Sprint 3
t21,good teammate,t21_s03,Sprint 3
t21,good teammate,t21_s01,Sprint 3
t23,good teammember,t23_s03,Sprint 3
t23,good teammate,t23_s04,Sprint 3
t23,good teammate,t23_s02,Sprint 3
t23,good teammate,t23_s05,Sprint 3
t23,good teammate,t23_s01,Sprint 3
t10,good teammember,t10_s02,Sprint 3
t10,hitchhiker,t10_s03,Sprint 3
t10,good teammate,t10_s04,Sprint 3
t10,good teammate,t10_s01,Sprint 3
t10,couch potato,t10_s05,Sprint 3
t18,good teammember,t18_s03,Sprint 3
t18,good teammate,t18_s02,Sprint 3
t18,couch potato,t18_s01,Sprint 3
t18,good teammate,t18_s04,Sprint 3
t18,good teammate,t18_s05,Sprint 3
t18,couch potato,t18_s06,Sprint 3
t11,good teammember,t11_s05,Sprint 3
t11,good teammate,t11_s01,Sprint 3
t11,good teammate,t11_s02,Sprint 3
t11,good teammate,t11_s04,Sprint 3
t11,good teammate,t11_s03,Sprint 3
t14,good teammember,t14_s01,Sprint 3
t14,good teammate,t14_s03,Sprint 3
t14,good teammate,t14_s05,Sprint 3
t14,good teammate,t14_s02,Sprint 3
t14,good teammate,t14_s04,Sprint 3
t24,good teammember,t24_s04,Sprint 3
t24,good teammate,t24_s01,Sprint 3
t24,good teammate,t24_s02,Sprint 3
t24,good teammate,t24_s03,Sprint 3
t24,good teammate,t24_s05,Sprint 3
t05,good teammember,t05_s05,Sprint 3
t05,good teammate,t05_s04,Sprint 3
t05,good teammate,t05_s03,Sprint 3
t05,good teammate,t05_s02,Sprint 3
t05,good teammate,t05_s01,Sprint 3
t08,good teammember,t08_s05,Sprint 3
t08,good teammate,t08_s03,Sprint 3
t08,good teammate,t08_s04,Sprint 3
t08,good teammate,t08_s02,Sprint 3
t08,good teammate,t08_s01,Sprint 3
t19,good teammember,t19_s01,Sprint 3
t19,good teammate,t19_s04,Sprint 3
t19,good teammate,t19_s05,Sprint 3
t19,good teammate,t19_s06,Sprint 3
t19,lone wolf,t19_s02,Sprint 3
t21,good teammember,t21_s03,Sprint 3
t21,good teammate,t21_s02,Sprint 3
t21,couch potato,t21_s05,Sprint 3
t21,couch potato,t21_s01,Sprint 3
t21,couch potato,t21_s04,Sprint 3
t20,good teammember,t20_s04,Sprint 3
t20,good teammate,t20_s02,Sprint 3
t20,good teammate,t20_s05,Sprint 3
t20,good teammate,t20_s03,Sprint 3
t20,good teammate,t20_s06,Sprint 3
t20,good teammate,t20_s01,Sprint 3
t16,good teammember,t16_s04,Sprint 3
t16,good teammate,t16_s01,Sprint 3
t16,good teammate,t16_s03,Sprint 3
t16,good teammate,t16_s02,Sprint 3
t16,good teammate,t16_s05,Sprint 3
t19,good teammember,t19_s04,Sprint 3
t19,good teammate,t19_s01,Sprint 3
t19,good teammate,t19_s05,Sprint 3
t19,good teammate,t19_s02,Sprint 3
t19,good teammate,t19_s06,Sprint 3
t06,good teammember,t06_s04,Sprint 3
t06,good teammate,t06_s01,Sprint 3
t06,good teammate,t06_s03,Sprint 3
t06,good teammate,t06_s02,Sprint 3
t06,good teammate,t06_s05,Sprint 3
t18,good teammember,t18_s04,Sprint 3
t18,good teammate,t18_s03,Sprint 3
t18,good teammate,t18_s02,Sprint 3
t18,couch potato,t18_s06,Sprint 3
t18,good teammate,t18_s01,Sprint 3
t18,good teammate,t18_s05,Sprint 3
t20,good teammember,t20_s06,Sprint 3
t20,good teammate,t20_s05,Sprint 3
t20,good teammate,t20_s02,Sprint 3
t20,good teammate,t20_s04,Sprint 3
t20,good teammate,t20_s03,Sprint 3
t20,good teammate,t20_s01,Sprint 3
t19,good teammember,t19_s05,Sprint 3
t19,good teammate,t19_s01,Sprint 3
t19,good teammate,t19_s04,Sprint 3
t19,good teammate,t19_s02,Sprint 3
t19,good teammate,t19_s06,Sprint 3
t01,good teammember,t01_s05,Sprint 3
t01,good teammate,t01_s03,Sprint 3
t01,good teammate,t01_s01,Sprint 3
t01,good teammate,t01_s04,Sprint 3
t01,good teammate,t01_s02,Sprint 3
t03,good teammember,t03_s02,Sprint 3
t03,good teammate,t03_s03,Sprint 3
t03,good teammate,t03_s04,Sprint 3
t03,good teammate,t03_s01,Sprint 3
t03,good teammate,t03_s05,Sprint 3
t23,good teammember,t23_s01,Sprint 3
t23,good teammate,t23_s04,Sprint 3
t23,good teammate,t23_s05,Sprint 3
t23,couch potato,t23_s02,Sprint 3
t23,couch potato,t23_s03,Sprint 3
t23,good teammember,t23_s02,Sprint 3
t23,good teammate,t23_s04,Sprint 3
t23,good teammate,t23_s01,Sprint 3
t23,good teammate,t23_s05,Sprint 3
t23,couch potato,t23_s03,Sprint 3
t19,good teammember,t19_s06,Sprint 3
t19,good teammate,t19_s05,Sprint 3
t19,good teammate,t19_s01,Sprint 3
t19,good teammate,t19_s04,Sprint 3
t19,good teammate,t19_s02,Sprint 3
t14,good teammember,t14_s03,Sprint 3
t14,good teammate,t14_s01,Sprint 3
t14,good teammate,t14_s05,Sprint 3
t14,good teammate,t14_s02,Sprint 3
t14,good teammate,t14_s04,Sprint 3
t20,good teammember,t20_s05,Sprint 3
t20,good teammate,t20_s03,Sprint 3
t20,good teammate,t20_s01,Sprint 3
t20,gamer,t20_s02,Sprint 3
t20,good teammate,t20_s04,Sprint 3
t20,good teammate,t20_s06,Sprint 3
t15,good teammember,t15_s03,Sprint 3
t15,good teammate,t15_s02,Sprint 3
t15,good teammate,t15_s01,Sprint 3
t15,good teammate,t15_s04,Sprint 3
t17,good teammember,t17_s05,Sprint 3
t17,good teammate,t17_s01,Sprint 3
t17,good teammate,t17_s02,Sprint 3
t17,good teammate,t17_s04,Sprint 3
t17,good teammate,t17_s03,Sprint 3
t01,good teammember,t01_s03,Sprint 3
t01,good teammate,t01_s01,Sprint 3
t01,good teammate,t01_s02,Sprint 3
t01,good teammate,t01_s04,Sprint 3
t01,hitchhiker,t01_s05,Sprint 3
t09,good teammember,t09_s03,Sprint 3
t09,good teammate,t09_s04,Sprint 3
t09,good teammate,t09_s01,Sprint 3
t09,good teammate,t09_s06,Sprint 3
t09,good teammate,t09_s02,Sprint 3
t07,good teammember,t07_s02,Sprint 3
t07,good teammate,t07_s04,Sprint 3
t07,good teammate,t07_s05,Sprint 3
t07,good teammate,t07_s01,Sprint 3
t07,good teammate,t07_s03,Sprint 3
t19,good teammember,t19_s02,Sprint 3
t19,good teammate,t19_s06,Sprint 3
t19,good teammate,t19_s04,Sprint 3
t19,good teammate,t19_s05,Sprint 3
t19,good teammate,t19_s01,Sprint 3
t14,good teammember,t14_s05,Sprint 3
t14,good teammate,t14_s03,Sprint 3
t14,good teammate,t14_s02,Sprint 3
t14,good teammate,t14_s04,Sprint 3
t14,good teammate,t14_s01,Sprint 3
t11,good teammember,t11_s04,Sprint 3
t11,good teammate,t11_s01,Sprint 3
t11,good teammate,t11_s02,Sprint 3
t11,good teammate,t11_s03,Sprint 3
t11,good teammate,t11_s05,Sprint 3
t13,good teammember,t13_s03,Sprint 3
t13,good teammate,t13_s01,Sprint 3
t13,good teammate,t13_s05,Sprint 3
t13,good teammate,t13_s04,Sprint 3
t13,lone wolf,t13_s02,Sprint 3
t06,good teammember,t06_s01,Sprint 3
t06,good teammate,t06_s04,Sprint 3
t06,good teammate,t06_s03,Sprint 3
t06,good teammate,t06_s02,Sprint 3
t06,lone wolf,t06_s05,Sprint 3
t24,good teammember,t24_s03,Sprint 3
t24,good teammate,t24_s05,Sprint 3
t24,good teammate,t24_s02,Sprint 3
t24,good teammate,t24_s01,Sprint 3
t24,good teammate,t24_s04,Sprint 3
t10,good teammember,t10_s04,Sprint 3
t10,good teammate,t10_s01,Sprint 3
t10,couch potato,t10_s03,Sprint 3
t10,good teammate,t10_s02,Sprint 3
t10,good teammember,t10_s01,Sprint 3
t10,good teammate,t10_s02,Sprint 3
t10,couch potato,t10_s04,Sprint 3
t10,couch potato,t10_s03,Sprint 3
t13,good teammember,t13_s02,Sprint 3
t13,good teammate,t13_s03,Sprint 3
t13,good teammate,t13_s04,Sprint 3
t13,good teammate,t13_s05,Sprint 3
t13,good teammate,t13_s01,Sprint 3
t17,good teammember,t17_s01,Sprint 3
t17,good teammate,t17_s02,Sprint 3
t17,good teammate,t17_s04,Sprint 3
t17,good teammate,t17_s03,Sprint 3
t17,good teammate,t17_s05,Sprint 3
t24,good teammember,t24_s01,Sprint 3
t24,good teammate,t24_s02,Sprint 3
t24,good teammate,t24_s03,Sprint 3
t24,good teammate,t24_s05,Sprint 3
t24,good teammate,t24_s04,Sprint 3
t17,good teammember,t17_s02,Sprint 3
t17,good teammate,t17_s05,Sprint 3
t17,good teammate,t17_s03,Sprint 3
t17,good teammate,t17_s01,Sprint 3
t17,good teammate,t17_s04,Sprint 3
t09,good teammember,t09_s04,Sprint 3
t09,good teammate,t09_s01,Sprint 3
t09,good teammate,t09_s03,Sprint 3
t09,good teammate,t09_s06,Sprint 3
t09,hitchhiker,t09_s02,Sprint 3
t23,good teammember,t23_s05,Sprint 3
t23,good teammate,t23_s04,Sprint 3
t23,couch potato,t23_s02,Sprint 3
t23,good teammate,t23_s01,Sprint 3
t23,hitchhiker,t23_s03,Sprint 3
t05,good teammember,t05_s03,Sprint 3
t05,good teammate,t05_s04,Sprint 3
t05,good teammate,t05_s05,Sprint 3
t05,good teammate,t05_s01,Sprint 3
t05,good teammate,t05_s02,Sprint 3
t07,good teammember,t07_s01,Sprint 3
t07,good teammate,t07_s05,Sprint 3
t07,hitchhiker,t07_s02,Sprint 3
t07,good teammate,t07_s04,Sprint 3
t07,good teammate,t07_s03,Sprint 3
t20,good teammember,t20_s02,Sprint 3
t20,good teammate,t20_s05,Sprint 3
t20,couch potato,t20_s03,Sprint 3
t20,couch potato,t20_s04,Sprint 3
t20,good teammate,t20_s06,Sprint 3
t20,couch potato,t20_s01,Sprint 3
t20,good teammember,t20_s03,Sprint 3
t20,good teammate,t20_s04,Sprint 3
t20,good teammate,t20_s02,Sprint 3
t20,good teammate,t20_s06,Sprint 3
t20,good teammate,t20_s01,Sprint 3
t20,good teammate,t20_s05,Sprint 3
t02,good teammember,t02_s02,Sprint 3
t02,good teammate,t02_s04,Sprint 3
t02,good teammate,t02_s03,Sprint 3
t02,good teammate,t02_s05,Sprint 3
t02,good teammate,t02_s01,Sprint 3
t02,good teammate,t02_s06,Sprint 3
t03,good teammember,t03_s04,Sprint 3
t03,good teammate,t03_s05,Sprint 3
t03,good teammate,t03_s01,Sprint 3
t03,good teammate,t03_s02,Sprint 3
t03,good teammate,t03_s03,Sprint 3
t03,good teammember,t03_s05,Sprint 3
t03,good teammate,t03_s02,Sprint 3
t03,good teammate,t03_s03,Sprint 3
t03,good teammate,t03_s04,Sprint 3
t03,good teammate,t03_s01,Sprint 3
t16,good teammember,t16_s02,Sprint 3
t16,good teammate,t16_s05,Sprint 3
t16,good teammate,t16_s03,Sprint 3
t16,good teammate,t16_s01,Sprint 3
t16,good teammate,t16_s04,Sprint 3
t18,good teammember,t18_s05,Sprint 3
t18,good teammate,t18_s02,Sprint 3
t18,good teammate,t18_s01,Sprint 3
t18,good teammate,t18_s03,Sprint 3
t18,good teammate,t18_s06,Sprint 3
t18,good teammate,t18_s04,Sprint 3
t01,good teammember,t01_s02,Sprint 3
t01,good teammate,t01_s03,Sprint 3
t01,good teammate,t01_s04,Sprint 3
t01,couch potato,t01_s05,Sprint 3
t01,good teammate,t01_s01,Sprint 3
t22,good teammember,t22_05,Sprint 3
t22,good teammate,t22_s02,Sprint 3
t22,hitchhiker,t22_s03,Sprint 3
t22,hitchhiker,t22_s01,Sprint 3
t22,couch potato,t22_s04,Sprint 3
t21,good teammember,t21_s02,Sprint 3
t21,hitchhiker,t21_s04,Sprint 3
t21,couch potato,t21_s05,Sprint 3
t21,good teammate,t21_s03,Sprint 3
t21,couch potato,t21_s01,Sprint 3
t08,good teammember,t08_s02,Sprint 3
t08,good teammate,t08_s01,Sprint 3
t08,good teammate,t08_s03,Sprint 3
t08,good teammate,t08_s04,Sprint 3
t08,good teammate,t08_s05,Sprint 3
t06,good teammember,t06_s05,Sprint 3
t06,good teammate,t06_s03,Sprint 3
t06,good teammate,t06_s02,Sprint 3
t06,good teammate,t06_s01,Sprint 3
t06,good teammate,t06_s04,Sprint 3
t24,good teammember,t24_s02,Sprint 3
t24,good teammate,t24_s03,Sprint 3
t24,good teammate,t24_s01,Sprint 3
t24,good teammate,t24_s05,Sprint 3
t24,good teammate,t24_s04,Sprint 3
t07,good teammember,t07_s05,Sprint 3
t07,good teammate,t07_s02,Sprint 3
t07,good teammate,t07_s01,Sprint 3
t07,good teammate,t07_s04,Sprint 3
t07,good teammate,t07_s03,Sprint 3
t15,good teammember,t15_s04,Sprint 3
t15,lone wolf,t15_s02,Sprint 3
t15,gamer,t15_s03,Sprint 3
t15,gamer,t15_s01,Sprint 3
t15,couch potato,t15_s05,Sprint 3
t21,good teammember,t21_s05,Sprint 3
t21,good teammate,t21_s01,Sprint 3
t21,good teammate,t21_s03,Sprint 3
t21,good teammate,t21_s02,Sprint 3
t21,good teammate,t21_s04,Sprint 3
t02,good teammember,t02_s05,Sprint 3
t02,good teammate,t02_s01,Sprint 3
t02,good teammate,t02_s03,Sprint 3
t02,good teammate,t02_s02,Sprint 3
t02,good teammate,t02_s04,Sprint 3
t02,good teammate,t02_s06,Sprint 3
t03,good teammate,t03_s01,Sprint 3
t03,good teammate,t03_s04,Sprint 3
t03,good teammate,t03_s05,Sprint 3
t03,good teammate,t03_s03,Sprint 3
t03,good teammate,t03_s02,Sprint 3
t02,good teammember,t02_s04,Sprint 3
t02,good teammate,t02_s02,Sprint 3
t02,good teammate,t02_s01,Sprint 3
t02,good teammate,t02_s03,Sprint 3
t02,good teammate,t02_s05,Sprint 3
t02,good teammate,t02_s06,Sprint 3
t14,good teammember,t14_s04,Sprint 3
t14,good teammate,t14_s03,Sprint 3
t14,good teammate,t14_s05,Sprint 3
t14,good teammate,t14_s01,Sprint 3
t14,good teammate,t14_s02,Sprint 3
t01,good teammember,t01_s01,Sprint 3
t01,good teammate,t01_s05,Sprint 3
t01,good teammate,t01_s04,Sprint 3
t01,good teammate,t01_s02,Sprint 3
t01,good teammate,t01_s03,Sprint 3
t15,good teammember,t15_s02,Sprint 3
t15,good teammate,t15_s01,Sprint 3
t15,good teammate,t15_s04,Sprint 3
t15,hitchhiker,t15_s05,Sprint 3
t15,couch potato,t15_s03,Sprint 3
t13,good teammember,t13_s04,Sprint 3
t13,good teammate,t13_s01,Sprint 3
t13,good teammate,t13_s02,Sprint 3
t13,good teammate,t13_s03,Sprint 3
t13,good teammate,t13_s05,Sprint 3
t22,good teammember,t22_s01,Sprint 3
t22,good teammate,t22_s03,Sprint 3
t22,good teammate,t22_05,Sprint 3
t22,good teammate,t22_s02,Sprint 3
t22,good teammate,t22_s04,Sprint 3
t09,good teammember,t09_s06,Sprint 3
t09,good teammate,t09_s03,Sprint 3
t09,good teammate,t09_s01,Sprint 3
t09,good teammate,t09_s04,Sprint 3
t09,good teammate,t09_s02,Sprint 3
t16,good teammember,t16_s03,Sprint 3
t16,good teammate,t16_s02,Sprint 3
t16,good teammate,t16_s05,Sprint 3
t16,good teammate,t16_s01,Sprint 3
t16,good teammate,t16_s04,Sprint 3
t22,good teammember,t22_s04,Sprint 3
t22,good teammate,t22_s01,Sprint 3
t22,good teammate,t22_s02,Sprint 3
t22,good teammate,t22_05,Sprint 3
t22,good teammate,t22_s03,Sprint 3
t08,good teammember,t08_s04,Sprint 3
t08,good teammate,t08_s03,Sprint 3
t08,good teammate,t08_s02,Sprint 3
t08,good teammate,t08_s01,Sprint 3
t08,good teammate,t08_s05,Sprint 3
t08,good teammember,t08_s03,Sprint 3
t08,good teammate,t08_s01,Sprint 3
t08,good teammate,t08_s02,Sprint 3
t08,good teammate,t08_s04,Sprint 3
t08,good teammate,t08_s05,Sprint 3
t18,good teammember,t18_s01,Sprint 3
t18,good teammate,t18_s02,Sprint 3
t18,good teammate,t18_s03,Sprint 3
t18,good teammate,t18_s05,Sprint 3
t18,hitchhiker,t18_s06,Sprint 3
t18,good teammate,t18_s04,Sprint 3
t21,good teammember,t21_s01,Sprint 3
t21,good teammate,t21_s03,Sprint 3
t21,good teammate,t21_s02,Sprint 3
t21,couch potato,t21_s05,Sprint 3
t21,hitchhiker,t21_s04,Sprint 3